AAo_max_area,AAo_min_area,AAo_distensibility,DAo_max_area,DAo_min_area,DAo_distensibility,LAV_max,LAV_min,LASV,LAEF,RAV_max,RAV_min,RASV,RAEF,Ell_Global,Ecc_Global,Err_Global,LVEDV,LVESV,LVSV,LVEF,LVCO,LVM,RVEDV,RVESV,RVSV,RVEF,WT_Global,WT_Max_Global,age_at_MRI,Sex,Ethnicity,Weight_at_MRI,Height,BMI,BSA,DCM,HCM,CM
0.1619336639618419,0.15165362569250218,0.006050997300151547,0.20233914137128506,0.19221817324553722,-0.0011503814121384091,0.16766152282954364,0.1409801503985571,0.14226821793020372,-0.07429013587506417,0.17767058027047017,0.17405174615070862,0.1154902322176985,-0.08242685045385456,0.06906274432445729,0.12772693326439746,-0.10454898596600472,0.2513014678458882,0.23169733626962477,0.20632401957533586,-0.1068817286802003,0.1484909980883222,0.25752985441311876,0.24865218835896025,0.24023727588854932,0.20168377501293902,-0.11168820100535087,0.19528163794942724,0.15640171440729198,0.002076086662340154,0.2081840588429465,-0.011470164520151111,0.20151281609442498,0.21314139024053397,0.10383678161613084,0.22223450067032247,0.01914399135372323,0.00976786672981016,0.021554694942352248
0.03255591699055576,0.021721711117142217,0.010318096590403374,0.029387929540063716,0.012193600684672427,0.017258980041276458,0.041379977901051565,-0.10381457677071941,0.23089235602276537,0.22691200780416812,-0.012391410117871813,-0.11055745790264059,0.1391861618907073,0.2087387758191563,-0.29991023446009774,-0.32827727735879153,0.33121975507871676,0.06350311184203408,-0.1354040599364386,0.25141471770083934,0.36638265216594534,0.25906678252677057,0.03607656205198889,0.08815806601309828,-0.07990812845506227,0.24362049773099478,0.3194339822121116,-0.0085774681967421,0.0004960641772802164,-0.0520272163855428,-0.03384587362561594,-0.014006346044608263,0.08364749417697621,0.007451917185559289,0.0973509909639507,0.07223376781478316,-0.05808196770544991,-0.019761238897115174,-0.06010103901689284
